**/hooks.py,stylo.gettext.extractors.navbar.extract
**/doctype/*/*.json,stylo.gettext.extractors.doctype.extract
**/workspace/*/*.json,stylo.gettext.extractors.workspace.extract
**/web_form/*/*.json,stylo.gettext.extractors.web_form.extract
**/onboarding_step/*/*.json,stylo.gettext.extractors.onboarding_step.extract
**/module_onboarding/*/*.json,stylo.gettext.extractors.module_onboarding.extract
**/report/*/*.json,stylo.gettext.extractors.report.extract
**.py,stylo.gettext.extractors.python.extract
**/templates/**.js,stylo.gettext.extractors.html_template.extract
**.js,stylo.gettext.extractors.javascript.extract
**.html,stylo.gettext.extractors.html_template.extract
**.vue,stylo.gettext.extractors.html_template.extract
**/custom/*.json,stylo.gettext.extractors.customization.extract
**/fixtures/custom_field.json,stylo.gettext.extractors.custom_field.extract
